input_sha256,expected,before,after
cb8f63e6908fe9d2fed4cd1d3ada3b718bd302fa712f717fc2c0b4d3ee90d9e2,billing,billing,billing
5e188c5b674ed92b0e6c9be6a3af242ef2f1be735b4ba0c036a9c8f8bd5274cd,account,technical,account
ab57b7d2be4aae8f64f0f68e152c1e09a33f851bcc33d48f5dea69e0b880a364,technical,technical,technical
df352cc13edafebd6f5343b1488de28941eb112e84d82d1b66fc09d9f94bad2e,billing,billing,billing
b54141809b7cbead58b3a8f698fc8a1286ba8182834f43e46811307015f93d60,account,technical,account
e63f75dbeb10c046cb349fd19c3b9a6047cfce16c84b09caeca3f3023a3cd495,technical,technical,technical
9774ecff274a0a46e41ac6a36861e4e301d369dcae3dff3db2a49bf13b412789,billing,billing,billing
0d65b697b13f8c2e73bff3fee66b89d8813704b5873f7e5943b043c111e12594,account,account,account
7d36d7e939ae92d43a636facd65cd3775b41b4fd9c89a901cc980e3d6048c967,technical,technical,technical
461768204c4a609afa814a85548bba2ef3c96aef883ab0a0b72d150079e17cb6,billing,billing,billing
fa8b92a04bd8dd8ef310ae5b3cbe9534bca8d7a5fb71a38c5cb0f55bb7d7386d,account,account,account
ac50c5062de4c56f8f3df11fbbffcf2d5918be81d9b7471562a26e5ad8466c6c,technical,technical,technical
890160a9d9fa38770542fd2f5b587548eb22fc4cfb4c12e4362d3bb99e4b4b16,billing,billing,billing
1f1fd2ca3c1dd1ffa834cd04ec4530fbf1e92936a2089e254d642abedf7ae62d,account,technical,account
26cc87e66761d1e953169a6a381423a556bc9455014accbffa6ce55242802e2f,technical,technical,technical
4157f79605e1dd6d8e1240f2c2f455282883c2f0186ecb9225356ca18b5ef963,billing,billing,billing
8ae64360c182a962058965cbb1187d4d3d528e50c63f4bef693f18908ac494dd,account,account,account
6151e603fc4701710ad7ece157c1cbb605d7b6a34ff3ea787ae66e2e6147fb03,technical,technical,technical
04cfc4f44225a141918f935e27b3c1e6d9fa4762e1f7d4ec02cb806b81129231,billing,billing,billing
04d2bb8c06473428b35d0e046f70d854ad94449bffe2d5316c053e8d24aff612,account,technical,account
3ad3e53daa3066e3adf28428f9d9051a6366131a20a185ce4899ece48320f466,technical,technical,technical
e626bc7b3afa2839378ea7c2fb50da10ccb40041ec41d735ff4bb7e0cf4294f1,billing,billing,billing
22bb1512f842996399392843444d19713f304ff8d5d897660f2bf0667b9d5635,account,technical,account
daa726a4a29ce923460895f3a9f6b649465e19050705d29db9bdd27a44ec1a5c,technical,technical,technical
17c26f10f5d4c646b0893c79e43ace275af08c9545a4e24afaceda225a53696a,billing,billing,billing
4cb955fa9d053b23eb50b0e59267f60e6969243f2adfa122fdc2f1e682957156,account,technical,account
49c412503aa004caae78248388e95251583a9d31a743d9a2fadcd6589c23f79b,technical,technical,technical
00288034897ee11eb7aa2a347cf39e92166f6be5595e5edd824612d361dc7180,billing,billing,billing
87d6627bd181807f1eb2b08a007a5c0dc36fc5356dbfdc69aa4c860428aac5c3,account,technical,account
1a2a7d194ea1753ecc64ecf38a7a60072f5b82fc3e19aaa82ae39be248c7a2d8,technical,technical,technical
